{
  "items": [
    {
      "type": "file",
      "title": "🥑Blue Topaz Themes Tips",
      "path": "🥑Blue Topaz Themes Tips.md"
    },
    {
      "type": "file",
      "title": "分栏效果示例",
      "path": "Example/分栏效果示例.md"
    },
    {
      "type": "file",
      "title": "ob提示框(callout)样式展示",
      "path": "Example/ob提示框(callout)样式展示.md"
    },
    {
      "type": "file",
      "title": "Blue Topaz Themes Tips",
      "path": "Blue Topaz Themes Tips.md"
    }
  ]
}