{
  "main": {
    "id": "48ee1388febfa3b7",
    "type": "split",
    "children": [
      {
        "id": "2912724398089f11",
        "type": "tabs",
        "children": [
          {
            "id": "914e863ae549de6f",
            "type": "leaf",
            "state": {
              "type": "markdown",
              "state": {
                "file": "Blue Topaz Themes Tips.md",
                "mode": "preview",
                "source": true
              }
            }
          }
        ]
      }
    ],
    "direction": "vertical"
  },
  "left": {
    "id": "a415daa86432b124",
    "type": "split",
    "children": [
      {
        "id": "d81510a95c5c0ac3",
        "type": "tabs",
        "children": [
          {
            "id": "c99bef4fa3a659a0",
            "type": "leaf",
            "state": {
              "type": "file-explorer",
              "state": {
                "sortOrder": "alphabetical"
              }
            }
          },
          {
            "id": "dc1aac8d7e65f16c",
            "type": "leaf",
            "state": {
              "type": "search",
              "state": {
                "query": "tag:#two_words",
                "matchingCase": false,
                "explainSearch": false,
                "collapseAll": false,
                "extraContext": false,
                "sortOrder": "alphabetical"
              }
            }
          },
          {
            "id": "14387c88da2dde40",
            "type": "leaf",
            "state": {
              "type": "starred",
              "state": {}
            }
          }
        ]
      }
    ],
    "direction": "horizontal",
    "width": 261.0019836425781
  },
  "right": {
    "id": "f78de58b2de3596e",
    "type": "split",
    "children": [
      {
        "id": "8ee5b50d07ff23a0",
        "type": "tabs",
        "children": [
          {
            "id": "3f90e4bebd06489b",
            "type": "leaf",
            "state": {
              "type": "calendar",
              "state": {}
            }
          },
          {
            "id": "488868552f58f1a3",
            "type": "leaf",
            "state": {
              "type": "outline",
              "state": {
                "file": "Blue Topaz Themes Tips.md"
              }
            }
          },
          {
            "id": "886f55cb1d50dfae",
            "type": "leaf",
            "state": {
              "type": "tag",
              "state": {
                "sortOrder": "frequency",
                "useHierarchy": true
              }
            }
          }
        ]
      },
      {
        "id": "81c2d2bd88eba246",
        "type": "tabs",
        "children": [
          {
            "id": "54cc3e6a0c0e01e1",
            "type": "leaf",
            "state": {
              "type": "graph",
              "state": {}
            }
          },
          {
            "id": "f396c26adad0d89e",
            "type": "leaf",
            "state": {
              "type": "outgoing-link",
              "state": {
                "file": "Blue Topaz Themes Tips.md",
                "linksCollapsed": false,
                "unlinkedCollapsed": false
              }
            }
          },
          {
            "id": "94b838e7367b1bc5",
            "type": "leaf",
            "state": {
              "type": "backlink",
              "state": {
                "file": "Blue Topaz Themes Tips.md",
                "collapseAll": false,
                "extraContext": false,
                "sortOrder": "alphabetical",
                "showSearch": false,
                "searchQuery": "",
                "backlinkCollapsed": false,
                "unlinkedCollapsed": true
              }
            }
          }
        ]
      }
    ],
    "direction": "horizontal",
    "width": 242.32794189453125
  },
  "active": "c99bef4fa3a659a0",
  "lastOpenFiles": [
    "README.md",
    "Start From Here.md",
    "Blue Topaz Themes Tips.md",
    "Example/Kanban.md",
    "Example/Task Cards.md",
    "Example/Sorts of lists, Checkboxes, Rainbow Outliners and lists EN.md",
    "🥑Blue Topaz Themes Tips/00-Tips preface.md",
    "Example/inline-list.md",
    "Example/timeline callout.md",
    "Example/The four-quadrant rule (BCG matrix).md"
  ]
}